{"cameraMode":{"drawMode":0,"name":"Shaded","section":"Shading Mode"},"sceneLighting":true,"audioPlay":false,"sceneViewState":{"m_AlwaysRefresh":false,"showFog":true,"showSkybox":true,"showFlares":true,"showImageEffects":true,"showParticleSystems":true,"showVisualEffectGraphs":true,"m_FxEnabled":true},"in2DMode":false,"pivot":{"x":-0.5609283447265625,"y":-0.6439399719238281,"z":0.031492799520492557},"rotation":{"x":-0.1793229877948761,"y":0.6885510087013245,"z":-0.18192380666732789,"w":-0.6787081360816956},"size":14.730695724487305,"orthographic":false}