{"cameraMode":{"drawMode":0,"name":"Shaded","section":"Shading Mode"},"sceneLighting":false,"audioPlay":false,"sceneViewState":{"m_AlwaysRefresh":false,"showFog":true,"showSkybox":false,"showFlares":true,"showImageEffects":true,"showParticleSystems":true,"showVisualEffectGraphs":true,"m_FxEnabled":true},"in2DMode":false,"pivot":{"x":5.821758270263672,"y":0.657362163066864,"z":1.2301387786865235},"rotation":{"x":-0.06303941458463669,"y":-0.08463089913129807,"z":0.005364387296140194,"w":-0.9944037199020386},"size":3.2911438941955568,"orthographic":false}